ID,MES,LOTE,COD_DISTRITO,DISTRITO,MUEBLES 010,MUEBLES RECOG. PROGRAMADA,MUEBLES RECOG. EN CALLE,Kg Recogida de muebles,RESTO,ORGÁNICA   (HOJAS Y RAMAS),ENVASES,PAPEL Y CARTÓN,VARIOS/RCDs CÓD DESTINO: VERLD,Kg Recogida Residuos Viarios,Nº Servicios Barrido Manual,Nº Servicios Barrido Mantenimiento,Nº Servicios Barrido Mecánico,Nº Servicios Barrido Mixto,Nº Servicios Baldeo Mecánico,Nº Servicios Baldeo Mixto,Nº Servicios Hidrolimpiador (Manchas),Nº Servicios Eliminación Grafitis,M2 Eliminación Grafitis,Ud Reposición Bolsas Caninas
1,ENERO,1,1,CENTRO ,35.120,7.840,3.090,46.050,0,262,2.620,8.260,645.400,656.542,1.396,1.645,92,72,0,452,43,281,474,890.000
2,ENERO,1,6,TETUÁN,11.960,10.760,1.200,23.920,0,0,240,4.280,460.000,464.520,644,352,109,211,10,325,18,12,8,451.800
3,ENERO,1,7,CHAMBERÍ,11.844,3.100,1.316,16.260,0,120,420,3.400,311.780,315.720,607,240,107,193,7,218,42,39,152,405.000
4,ENERO,2,2,ARGANZUELA,23.760,0,0,23.760,294.600,0,0,0,0,294.600,1.107,0,18,110,0,119,0,17,42,350.100
5,ENERO,2,3,RETIRO,6.620,0,0,6.620,342.830,0,0,0,0,342.830,818,0,34,145,0,130,0,15,28,300.500
6,ENERO,2,4,SALAMANCA,1.100,0,0,1.100,667.792,0,0,0,0,667.792,1.222,0,3,133,1,91,0,5,9,379.600
7,ENERO,2,5,CHAMARTÍN,81.010,0,0,81.010,174.660,0,0,0,0,174.660,1.343,0,0,192,7,379,0,29,42,310.200
8,ENERO,3,8,FUENCARRAL,23.269,0,0,23.269,0,0,0,0,410.170,410.170,1.663,0,35,139,0,547,0,0,0,431.800
9,ENERO,3,9,MONCLOA,4.940,0,0,4.940,0,0,0,0,347.120,347.120,1.351,0,32,123,0,546,0,30,47,266.440
10,ENERO,3,10,LATINA,60.100,0,0,60.100,0,0,0,0,396.500,396.500,1.395,0,21,129,0,429,0,39,93,403.000
11,ENERO,4,15,CIUDAD LINEAL,5.535,3.690,6.590,15.815,0,0,21,8.633,105.964,114.618,447,517,4,40,0,78,0,35,80,577.000
12,ENERO,4,16,HORTALEZA,7.451,4.968,19.769,32.188,0,0,49,12.590,317.893,330.532,1.177,166,82,120,0,204,122,2,18,450.010
13,ENERO,4,20,SAN BLAS,5.110,3.406,16.474,24.990,0,0,40,5.396,264.911,270.347,979,371,19,99,0,215,64,5,15,421.800
14,ENERO,4,21,BARAJAS,3.193,2.129,23.064,28.386,0,0,30,9.352,370.875,380.257,1.030,105,18,80,0,223,0,8,23,240.000
15,ENERO,5,13,PUENTE DE VALLECAS,5.383,711,4.063,10.157,0,4.872,0,2.310,667.935,675.117,1.380,193,130,468,0,278,0,7,28,590.000
16,ENERO,5,18,VILLA DE VALLECAS,2.307,305,1.741,4.353,0,2.088,0,1.500,267.174,270.762,618,45,96,136,0,90,0,23,70,264.100
17,ENERO,5,14,MORATALAZ,6.152,813,4.643,11.608,0,5.568,0,1.750,296.860,304.178,496,26,193,207,0,142,0,1,10,281.900
18,ENERO,5,19,VICÁLVARO,1.538,203,1.161,2.902,0,1.392,0,550,252.331,254.273,545,112,100,116,0,120,0,3,8,177.600
19,ENERO,6,11,CARABANCHEL,5.328,9.504,0,14.832,520.955,3.000,660,23.780,0,548.395,1.298,286,40,84,0,523,40,56,204,488.300
20,ENERO,6,12,USERA,3.330,5.940,0,9.270,325.597,1.875,360,17.840,0,345.672,823,211,40,50,0,353,39,100,205,264.200
21,ENERO,6,17,VILLAVERDE,4.662,8.316,0,12.978,455.836,2.625,180,20.840,0,479.481,991,228,62,60,0,441,34,44,27,244.200
22,FEBRERO,1,1,CENTRO ,30.798,8.100,2.470,41.368,0,0,1.400,7.280,589.400,598.080,900,1.484,89,27,0,719,35,335,737,895.900
23,FEBRERO,1,6,TETUÁN,43.940,37.350,6.590,87.880,0,0,160,5.800,404.420,410.380,497,191,105,56,20,390,16,41,87,453.500
24,FEBRERO,1,7,CHAMBERÍ,12.960,4.786,1.440,19.186,0,0,360,6.440,336.860,343.660,437,235,116,107,3,352,34,34,24,408.150
25,FEBRERO,2,2,ARGANZUELA,4.860,9.720,0,14.580,267.460,0,180,3.020,0,270.660,508,280,13,32,0,255,35,24,101,350.300
26,FEBRERO,2,3,RETIRO,3.216,6.804,0,10.020,244.300,0,150,2.060,0,246.510,434,319,61,28,1,251,28,68,158,310.500
27,FEBRERO,2,4,SALAMANCA,5.620,15.620,0,21.240,502.168,0,280,2.870,0,505.318,659,452,1,35,0,292,47,86,622,379.800
28,FEBRERO,2,5,CHAMARTÍN,3.105,17.590,0,20.695,280.180,0,170,1.050,0,281.400,752,516,7,32,35,419,28,139,554,312.200
29,FEBRERO,3,8,FUENCARRAL,11.340,37.620,30.820,79.780,0,0,400,8.160,326.080,334.640,1.060,160,78,56,0,512,56,58,122,396.100
30,FEBRERO,3,9,MONCLOA,100,140,200,440,0,0,1.040,0,227.680,228.720,1.114,136,75,44,0,508,56,65,114,241.170
31,FEBRERO,3,10,LATINA,7.040,29.380,23.460,59.880,0,0,580,4.100,329.579,334.259,1.086,108,28,48,0,396,56,66,285,401.340
32,FEBRERO,4,15,CIUDAD LINEAL,9.021,9.069,0,18.090,0,0,21,2.655,197.430,200.106,513,468,12,42,0,179,0,78,107,587.450
33,FEBRERO,4,16,HORTALEZA,21.049,21.161,0,42.210,0,0,49,6.195,460.670,466.914,1.417,160,102,119,0,509,110,6,18,470.320
34,FEBRERO,4,20,SAN BLAS,18.042,18.138,0,36.180,0,0,40,4.550,330.050,334.640,1.071,334,28,100,0,472,56,7,29,442.800
35,FEBRERO,4,21,BARAJAS,12.028,12.092,0,24.120,0,0,30,4.300,328.050,332.380,999,105,22,80,0,524,0,7,49,350.000
36,FEBRERO,5,13,PUENTE DE VALLECAS ,8.512,3.648,0,12.160,0,0,0,2.120,267.848,269.968,1.252,170,92,69,0,553,21,54,126,612.500
37,FEBRERO,5,18,VILLA DE VALLECAS ,3.192,1.368,0,4.560,0,0,0,1.620,100.443,102.063,544,42,162,40,0,265,14,23,42,284.100
38,FEBRERO,5,14,MORATALAZ,7.448,3.192,0,10.640,0,0,0,1.560,234.367,235.927,415,22,57,17,0,146,8,15,50,293.100
39,FEBRERO,5,19,VICÁLVARO,2.128,912,0,3.040,0,0,0,1.280,66.962,68.242,474,99,73,26,0,215,8,30,79,197.600
40,FEBRERO,6,11,CARABANCHEL,12.428,8.200,0,20.628,477.540,0,0,25.816,0,503.356,1.103,262,18,78,0,500,79,116,239,478.500
41,FEBRERO,6,12,USERA,7.767,5.125,0,12.892,298.463,0,0,16.135,0,314.598,756,185,30,50,0,323,81,39,100,284.900
42,FEBRERO,6,17,VILLAVERDE,10.875,7.175,0,18.050,417.847,0,0,22.589,0,440.436,907,215,42,61,0,418,73,31,79,274.400
43,MARZO,1,1,CENTRO ,31.560,9.940,2.320,43.820,0,0,2.760,11.520,665.280,679.560,958,1.612,93,28,13,807,39,421,917,865.100
44,MARZO,1,6,TETUÁN,46.200,41.600,4.600,92.400,0,0,260,4.040,407.000,411.300,632,352,115,60,25,428,18,34,88,472.500
45,MARZO,1,7,CHAMBERÍ,14.850,5.484,1.650,21.984,0,0,0,5.040,357.080,362.120,547,251,91,110,9,347,39,80,230,398.200
46,MARZO,2,2,ARGANZUELA,5.020,8.940,5.620,19.580,226.170,0,426,4.220,0,230.816,624,318,15,37,3,274,45,50,259,350.400
47,MARZO,2,3,RETIRO,5.320,3.542,2.100,10.962,296.730,0,386,1.040,0,298.156,454,349,43,38,3,261,39,46,153,312.300
48,MARZO,2,4,SALAMANCA,26.750,17.410,6.880,51.040,397.240,0,437,2.880,0,400.557,706,502,0,104,14,238,30,47,515,374.900
49,MARZO,2,5,CHAMARTÍN,9.208,9.760,8.200,27.168,205.222,0,290,960,0,206.472,1.015,486,5,147,26,407,32,104,626,325.000
50,MARZO,3,8,FUENCARRAL,15.500,15.440,41.380,72.320,0,0,880,14.260,368.680,383.820,1.463,178,84,71,0,591,62,69,184,333.100
51,MARZO,3,9,MONCLOA,10.680,11.400,23.640,45.720,0,0,820,8.110,201.400,210.330,1.074,269,81,52,0,586,62,31,81,258.180
52,MARZO,3,10,LATINA,10.960,26.180,30.000,67.140,0,0,1.080,9.180,343.870,354.130,1.191,181,37,54,0,459,62,107,242,392.200
53,MARZO,4,15,CIUDAD LINEAL,19.800,13.460,19.230,52.490,0,0,30,8.491,321.580,330.101,1.101,519,23,92,0,584,50,99,16,507.400
54,MARZO,4,16,HORTALEZA,27.720,20.490,29.300,77.510,0,0,60,12.383,468.972,481.415,1.733,169,107,138,0,577,52,5,18,473.420
55,MARZO,4,20,SAN BLAS,19.790,15.800,20.940,56.530,0,0,50,9.199,348.380,357.629,1.209,373,31,115,0,531,40,23,14,462.800
56,MARZO,4,21,BARAJAS,11.870,8.770,14.130,34.770,0,0,40,5.307,200.988,206.335,599,107,9,44,0,207,35,4,278,370.000
57,MARZO,5,13,PUENTE DE VALLECAS ,5.960,2.840,5.640,14.440,0,1.322,483,4.740,482.881,489.426,1.341,197,46,62,0,658,23,71,115,603.100
58,MARZO,5,18,VILLA DE VALLECAS ,3.200,1.920,1.920,7.040,0,568,207,2.780,206.949,210.504,445,32,20,17,0,192,10,31,67,294.100
59,MARZO,5,14,MORATALAZ,6.380,2.380,5.240,14.000,0,1.515,552,4.860,551.864,558.791,606,82,97,44,0,305,21,26,87,293.200
60,MARZO,5,19,VICÁLVARO,1.880,1.280,1.620,4.780,0,375,138,1.880,137.966,140.359,506,127,33,34,0,265,10,41,154,199.600
61,MARZO,6,11,CARABANCHEL,15.140,8.720,39.340,63.200,533.630,0,165,28.960,0,562.755,1.290,222,30,77,0,565,69,137,331,463.100
62,MARZO,6,12,USERA,5.000,7.460,21.928,34.388,264.608,0,90,18.480,0,283.178,831,198,28,54,0,355,81,48,124,271.900
63,MARZO,6,17,VILLAVERDE,5.220,4.640,32.892,42.752,396.912,0,45,24.480,0,421.437,946,210,26,67,0,471,69,28,83,286.400
64,ABRIL,1,1,CENTRO ,27.040,8.280,2.270,37.590,0,0,2.260,9.840,657.280,669.380,995,1.560,97,29,1,746,42,315,751,865.100
65,ABRIL,1,6,TETUÁN,25.920,21.500,4.420,51.840,0,0,180,5.460,350.560,356.200,562,316,101,144,18,415,22,10,22,472.500
66,ABRIL,1,7,CHAMBERÍ,17.212,6.020,1.548,24.780,0,0,580,3.260,349.280,353.120,510,253,67,165,1,346,41,77,152,398.200
67,ABRIL,2,2,ARGANZUELA,4.100,15.160,10.520,29.780,317.640,0,0,3.340,0,320.980,609,335,21,104,1,238,172,128,299,334.000
68,ABRIL,2,3,RETIRO,3.426,1.144,1.150,5.720,271.520,0,0,1.820,0,273.340,442,336,40,84,0,251,31,34,127,312.300
69,ABRIL,2,4,SALAMANCA,19.987,35.473,17.260,72.720,453.130,0,1.160,3.280,453.130,910.700,765,490,0,164,1,349,35,22,374,374.900
70,ABRIL,2,5,CHAMARTÍN,10.720,10.440,12.100,33.260,293.540,0,0,0,0,293.540,779,573,8,173,0,358,38,89,248,325.000
71,ABRIL,3,8,FUENCARRAL,23.240,11.100,20.360,54.700,0,37.340,840,29.400,328.000,395.580,1.464,141,84,133,0,541,60,71,190,317.000
72,ABRIL,3,9,MONCLOA,22.100,19.200,7.660,48.960,0,29.080,780,21.380,193.120,244.360,1.139,172,78,110,0,538,60,40,87,242.000
73,ABRIL,3,10,LATINA,21.600,24.300,11.840,57.740,0,31.340,1.300,10.460,326.600,369.700,1.199,146,29,117,0,421,60,30,59,376.200
74,ABRIL,4,15,CIUDAD LINEAL,34.450,31.928,42.200,108.578,177.240,0,40,26.560,93.620,297.460,1.087,497,19,76,0,541,49,82,11,507.400
75,ABRIL,4,16,HORTALEZA,46.450,42.980,55.500,144.930,238.580,0,70,35.750,126.030,400.430,1.709,141,84,119,0,520,39,1,18,457.000
76,ABRIL,4,20,SAN BLAS,31.800,29.472,40.360,101.632,163.605,0,60,24.510,86.420,274.595,1.198,359,30,95,0,480,39,6,1,462.800
77,ABRIL,4,21,BARAJAS,19.800,18.420,24.000,62.220,102.255,0,50,15.320,54.020,171.645,589,79,12,38,0,188,36,4,171,354.000
78,ABRIL,5,13,PUENTE DE VALLECAS ,21.540,2.845,16.257,40.642,0,0,347,4.942,473.249,478.538,1.290,201,47,58,0,607,22,88,173,571.100
79,ABRIL,5,18,VILLA DE VALLECAS ,9.233,1.219,6.967,17.419,0,0,153,2.118,202.821,205.092,415,30,7,14,0,176,7,57,155,294.100
80,ABRIL,5,14,MORATALAZ,24.617,3.251,18.579,46.447,0,0,398,5.648,540.848,546.894,558,82,81,47,0,276,23,9,22,277.000
81,ABRIL,5,19,VICÁLVARO,6.154,813,4.645,11.612,0,0,102,1.412,135.214,136.728,494,126,23,31,0,244,7,15,77,199.600
82,ABRIL,6,11,CARABANCHEL,10.016,8.088,108.140,126.244,280.888,0,200,31.016,0,312.104,1.210,224,19,79,0,526,112,24,266,463.100
83,ABRIL,6,12,USERA,6.260,6.055,153.368,165.683,175.555,0,125,19.385,0,195.065,832,188,22,49,0,350,105,60,184,271.900
84,ABRIL,6,17,VILLAVERDE,8.764,8.477,230.052,247.293,245.777,0,175,27.139,0,273.091,882,156,15,59,0,433,407,19,41,270.400
85,MAYO,1,1,CENTRO ,24.020,5.320,2.050,31.390,5.760,2.120,3.200,8.940,786.480,806.500,977,1.612,103,92,0,810,42,321,787,865.100
86,MAYO,1,6,TETUÁN,33.960,27.160,6.800,67.920,1.300,0,360,3.480,408.800,413.940,602,332,111,138,20,443,22,27,67,462.500
87,MAYO,1,7,CHAMBERÍ,18.222,3.500,1.858,23.580,920,0,300,4.300,437.080,442.600,501,270,63,136,0,418,41,56,129,396.200
88,MAYO,2,2,ARGANZUELA,22.080,17.300,4.960,44.340,331.940,0,0,5.160,0,337.100,559,311,13,81,0,269,36,65,91,364.000
89,MAYO,2,3,RETIRO,7.500,3.750,1.250,12.500,312.870,0,0,1.380,0,314.250,443,327,50,31,0,277,35,36,116,332.300
90,MAYO,2,4,SALAMANCA,17.290,26.250,5.700,49.240,583.420,7.460,1.280,3.720,0,595.880,755,523,5,66,0,325,50,42,408,394.900
91,MAYO,2,5,CHAMARTÍN,7.780,5.960,2.660,16.400,318.880,0,0,0,0,318.880,799,465,0,117,0,446,79,60,391,415.200
92,MAYO,3,8,FUENCARRAL,30.140,15.720,16.480,62.340,26.960,25.160,560,26.800,356.140,435.620,1.507,146,108,96,0,559,62,65,195,356.100
93,MAYO,3,9,MONCLOA,42.520,10.080,5.480,58.080,34.620,20.120,500,15.900,157.720,228.860,1.175,178,105,75,0,554,62,39,81,252.000
94,MAYO,3,10,LATINA,42.860,25.360,21.820,90.040,39.360,10.560,2.200,12.840,345.240,410.200,1.236,150,58,79,0,432,62,43,142,366.200
95,MAYO,4,15,CIUDAD LINEAL,31.757,25.361,55.195,112.313,193.859,0,40,28.642,90.886,313.427,1.122,514,20,80,0,563,64,65,209,530.400
96,MAYO,4,16,HORTALEZA,46.312,36.985,80.493,163.790,260.964,0,70,38.556,122.346,421.936,1.775,181,97,121,0,541,60,6,18,487.000
97,MAYO,4,20,SAN BLAS,34.403,27.474,59.795,121.672,178.946,0,60,26.438,83.894,289.338,1.234,372,31,100,0,499,39,2,10,482.800
98,MAYO,4,21,BARAJAS,19.848,15.851,34.497,70.196,111.842,0,50,16.524,52.434,180.850,617,109,10,40,0,195,20,4,22,414.000
99,MAYO,5,13,PUENTE DE VALLECAS ,13.292,1.756,10.032,25.080,16.160,0,380,4.662,307.600,328.802,1.403,266,65,79,0,650,24,42,148,591.100
100,MAYO,5,18,VILLA DE VALLECAS ,20.320,2.684,15.336,38.340,12.040,0,140,1.998,347.620,361.798,480,81,19,32,0,190,8,45,112,272.100
101,MAYO,5,14,MORATALAZ,16.843,2.225,12.712,31.780,36.140,0,260,5.328,761.720,803.448,714,77,89,58,0,301,23,10,26,297.000
102,MAYO,5,19,VICÁLVARO,4.304,568,3.248,8.120,0,0,120,1.332,6.480,7.932,600,139,49,46,0,264,8,34,74,210.600
103,MAYO,6,11,CARABANCHEL,9.720,9.104,222.360,241.184,279.860,0,72,32.347,97.580,409.859,1.373,369,17,83,0,550,60,47,231,483.300
104,MAYO,6,12,USERA,6.075,5.690,138.975,150.740,137.464,0,45,21.789,27.940,187.238,903,243,28,51,0,362,87,45,101,291.900
105,MAYO,6,17,VILLAVERDE,8.505,7.966,194.565,211.036,206.196,0,63,28.304,20.790,255.353,1.038,229,26,61,0,451,72,11,38,310.400
106,JUNIO,1,1,CENTRO ,27.100,7.980,2.520,37.600,113.480,0,2.900,13.600,568.992,698.972,932,1.508,102,52,0,753,38,439,795,875.000
107,JUNIO,1,6,TETUÁN,46.720,37.380,9.340,93.440,84.880,1.600,160,6.820,213.860,307.320,584,321,94,111,21,424,16,9,82,461.000
108,JUNIO,1,7,CHAMBERÍ,27.308,3.450,1.922,32.680,78.640,0,440,3.180,367.660,449.920,482,262,58,136,0,372,32,16,33,395.500
109,JUNIO,2,2,ARGANZUELA,4.180,9.600,25.240,39.020,309.360,7.300,0,3.240,0,319.900,708,245,23,81,0,271,40,29,53,359.000
110,JUNIO,2,3,RETIRO,7.536,3.768,1.256,12.560,278.600,0,0,4.260,0,282.860,463,338,43,51,0,277,43,23,19,352.000
111,JUNIO,2,4,SALAMANCA,20.313,23.797,7.610,51.720,18.740,8.680,1.040,1.680,421.864,452.004,768,510,0,75,0,325,50,19,29,389.100
112,JUNIO,2,5,CHAMARTÍN,26.620,34.340,1.700,62.660,105.720,0,0,9.780,300.100,415.600,701,449,0,71,0,454,77,64,198,420.200
113,JUNIO,3,8,FUENCARRAL,32.400,34.760,56.160,123.320,155.920,4.140,260,30.880,185.460,376.660,1.449,142,85,62,0,559,60,0,0,352.300
114,JUNIO,3,9,MONCLOA,41.740,13.140,12.380,67.260,90.780,12.580,240,12.680,73.760,190.040,1.133,170,82,49,0,554,60,48,97,250.000
115,JUNIO,3,10,LATINA,62.820,35.800,60.400,159.020,119.800,0,1.520,16.880,127.060,265.260,1.185,146,30,67,0,430,60,66,283,358.200
116,JUNIO,4,15,CIUDAD LINEAL,34.400,32.500,53.670,120.570,164.040,0,40,26.740,103.630,294.450,1.094,502,22,88,0,566,40,62,134,525.400
117,JUNIO,4,16,HORTALEZA,46.250,35.900,75.890,158.040,239.225,0,70,38.990,151.130,429.415,1.706,175,119,132,0,555,90,16,48,481.500
118,JUNIO,4,20,SAN BLAS,35.750,26.750,61.775,124.275,177.700,0,60,28.960,112.270,318.990,1.195,361,30,110,0,512,20,10,30,485.800
119,JUNIO,4,21,BARAJAS,19.787,19.250,37.554,76.591,102.535,0,50,16.710,64.770,184.065,594,109,12,44,0,200,30,5,11,411.000
120,JUNIO,5,13,PUENTE DE VALLECAS ,24.128,4.222,31.969,60.319,79.456,0,280,4.557,543.527,627.820,1.331,261,50,77,0,639,21,11,28,587.100
121,JUNIO,5,18,VILLA DE VALLECAS ,10.340,1.809,13.703,25.852,33.769,0,120,1.953,168.938,204.780,447,75,16,17,0,187,9,16,36,274.500
122,JUNIO,5,14,MORATALAZ,27.574,4.826,36.536,68.936,49.660,0,140,5.208,290.892,345.900,664,78,100,43,0,301,21,8,15,282.000
123,JUNIO,5,19,VICÁLVARO,6.893,1.206,9.134,17.233,35.755,0,60,1.302,149.383,186.500,547,128,28,35,0,261,9,6,12,205.600
124,JUNIO,6,11,CARABANCHEL,6.451,10.792,255.200,272.443,214.587,0,56,31.024,64.813,310.480,1.320,351,38,83,0,557,61,101,303,481.600
125,JUNIO,6,12,USERA,4.032,6.745,159.500,170.277,134.117,0,35,19.390,40.508,194.050,929,244,40,54,0,346,78,3,9,288.700
126,JUNIO,6,17,VILLAVERDE,5.645,9.443,223.300,238.388,187.764,0,49,27.146,56.711,271.670,1.054,326,48,68,0,453,55,19,107,308.300
127,JULIO,1,1,CENTRO ,26.600,8.640,5.900,41.140,590.780,0,47.800,3.120,50.480,692.180,1.099,1.645,96,29,0,751,69,169,291,875.300
128,JULIO,1,6,TETUÁN,46.170,23.570,40.540,110.280,277.960,0,520,7.760,126.480,412.720,620,342,89,79,21,457,50,16,75,461.000
129,JULIO,1,7,CHAMBERÍ,46.601,4.500,17.979,69.080,213.480,7.420,200,4.260,95.560,320.920,512,269,90,70,1,426,45,35,142,395.500
130,JULIO,2,2,ARGANZUELA,1.020,16.820,15.500,33.340,286.400,7.000,0,960,0,294.360,782,203,10,47,1,225,36,30,57,375.100
131,JULIO,2,3,RETIRO,36.300,18.150,6.050,60.500,204.900,0,0,24.320,0,229.220,479,331,5,57,0,240,32,12,25,352.000
132,JULIO,2,4,SALAMANCA,16.550,14.340,14.130,45.020,73.740,39.380,5.200,6.260,321.310,445.890,782,491,2,63,0,320,50,25,32,389.100
133,JULIO,2,5,CHAMARTÍN,28.780,14.360,10.660,53.800,216.860,0,0,21.080,193.520,431.460,722,476,6,49,0,424,52,40,135,404.400
134,JULIO,3,8,FUENCARRAL,28.000,37.900,63.440,129.340,160.960,4.660,0,21.880,87.020,274.520,1.530,146,84,62,0,547,62,38,216,352.300
135,JULIO,3,9,MONCLOA,55.980,11.540,10.400,77.920,105.920,5.020,480,18.320,42.820,172.560,1.187,187,84,50,0,546,62,33,143,251.000
136,JULIO,3,10,LATINA,46.360,27.180,108.740,182.280,104.780,0,480,10.940,27.260,143.460,1.256,152,32,55,0,431,62,58,454,342.500
137,JULIO,4,15,CIUDAD LINEAL,24.727,13.124,57.134,94.985,211.259,0,20,19.483,73.622,304.383,1.165,482,20,84,0,527,34,85,365,525.400
138,JULIO,4,16,HORTALEZA,27.475,14.582,63.482,105.539,258.205,0,60,21.648,84.948,364.861,1.778,172,111,121,0,497,100,15,11,481.500
139,JULIO,4,20,SAN BLAS,21.064,11.180,48.670,80.914,195.610,0,40,16.597,67.958,280.205,1.263,348,31,100,0,442,28,10,16,485.800
140,JULIO,4,21,BARAJAS,18.317,9.721,42.322,70.360,117.366,0,40,14.432,56.632,188.470,616,102,16,38,0,184,24,3,4,411.000
141,JULIO,5,13,PUENTE DE VALLECAS ,22.816,4.995,43.540,71.351,66.703,0,0,13.428,370.366,450.497,1.390,270,51,75,0,649,22,53,131,587.100
142,JULIO,5,18,VILLA DE VALLECAS ,8.707,2.141,19.732,30.579,28.587,0,0,5.052,158.728,192.367,459,80,19,18,0,190,9,6,5,284.900
143,JULIO,5,14,MORATALAZ,23.218,5.708,52.618,81.544,76.232,0,0,13.472,423.275,512.979,688,78,94,47,0,292,22,15,20,214.100
144,JULIO,5,19,VICÁLVARO,5.805,1.427,13.154,20.386,19.058,0,0,3.368,105.819,128.245,575,139,34,34,0,263,9,19,40,245.300
145,JULIO,6,11,CARABANCHEL,4.356,5.384,249.384,259.124,169.280,0,56,29.376,97.040,295.752,1.411,362,31,83,0,550,58,51,185,481.600
146,JULIO,6,12,USERA,2.723,3.365,155.865,161.953,105.800,0,35,18.360,60.650,184.845,960,259,27,52,0,362,52,18,48,288.700
147,JULIO,6,17,VILLAVERDE,3.811,4.711,218.211,226.733,148.120,0,49,25.704,84.910,258.783,1.147,344,41,60,0,448,57,11,63,308.300
148,AGOSTO,1,1,CENTRO ,27.940,9.070,6.190,43.200,520.100,0,0,9.540,124.960,654.600,977,1.612,104,31,0,800,83,354,410,895.100
149,AGOSTO,1,6,TETUÁN,54.058,27.597,47.466,129.120,230.080,0,240,6.760,32.560,269.640,604,333,97,62,22,442,62,26,23,480.000
150,AGOSTO,1,7,CHAMBERÍ,49.705,7.500,10.095,67.300,247.860,0,220,7.740,12.480,268.300,482,262,70,86,0,397,60,18,98,401.100
151,AGOSTO,2,2,ARGANZUELA,5.240,18.120,20.480,43.840,28.400,3.600,0,3.400,231.680,267.080,847,194,30,64,0,171,24,24,30,380.000
152,AGOSTO,2,3,RETIRO,27.444,13.722,4.574,45.740,148.100,0,1.140,19.560,60.560,229.360,522,344,10,41,0,246,22,32,24,360.000
153,AGOSTO,2,4,SALAMANCA,19.497,28.438,5.925,53.860,51.060,5.760,0,1.560,295.140,353.520,787,479,0,72,0,323,53,18,31,388.400
154,AGOSTO,2,5,CHAMARTÍN,19.020,18.020,7.500,44.540,121.780,0,0,12.500,291.560,425.840,762,411,0,131,0,379,20,18,32,409.200
155,AGOSTO,3,8,FUENCARRAL,29.120,31.700,76.100,136.920,155.360,1.220,0,18.840,102.600,278.020,1.494,146,90,91,0,576,62,33,116,376.600
156,AGOSTO,3,9,MONCLOA,35.800,8.020,31.860,75.680,105.400,0,1.120,9.420,52.940,168.880,1.091,177,83,52,0,568,62,30,111,247.300
157,AGOSTO,3,10,LATINA,67.680,45.460,113.880,227.020,147.720,0,0,15.560,29.140,192.420,1.223,150,29,56,0,441,62,37,311,340.000
158,AGOSTO,4,15,CIUDAD LINEAL,37.666,17.093,51.890,106.649,84.648,0,30,18.005,87.419,190.101,1.117,500,23,87,0,515,0,110,731,545.000
159,AGOSTO,4,16,HORTALEZA,54.929,24.927,75.674,155.530,123.445,0,60,26.257,203.977,353.739,1.746,170,116,133,0,508,124,38,198,493.700
160,AGOSTO,4,20,SAN BLAS,40.804,18.517,56.215,115.536,91.702,0,50,19.505,151.525,262.783,1.211,360,31,111,0,442,62,48,164,493.100
161,AGOSTO,4,21,BARAJAS,23.541,10.683,32.432,66.656,52.905,0,40,11.253,139.870,204.068,586,110,12,44,0,185,0,6,58,423.000
162,AGOSTO,5,13,PUENTE DE VALLECAS ,29.798,7.898,87.130,124.826,70.994,0,0,15.449,282.877,369.320,1.380,266,54,88,0,665,23,18,31,585.700
163,AGOSTO,5,18,VILLA DE VALLECAS ,10.628,3.385,34.342,48.355,30.426,0,1.140,6.621,121.233,159.420,466,76,15,18,0,194,8,11,11,294.900
164,AGOSTO,5,14,MORATALAZ,26.340,9.026,81.578,116.944,81.136,0,0,17.656,323.288,422.080,687,79,102,45,0,312,23,16,6,219.900
165,AGOSTO,5,19,VICÁLVARO,7.085,2.256,22.894,32.235,20.284,0,0,4.414,80.822,105.520,564,128,28,32,0,271,8,6,10,257.600
166,AGOSTO,6,11,CARABANCHEL,3.892,4.264,222.100,230.256,168.472,0,96,25.816,58.272,252.656,1.406,288,39,84,0,569,78,59,383,499.400
167,AGOSTO,6,12,USERA,2.433,2.665,138.812,143.910,105.295,0,60,16.135,36.420,157.910,943,261,37,53,0,359,82,18,20,296.000
168,AGOSTO,6,17,VILLAVERDE,3.406,3.731,194.337,201.474,147.413,0,84,22.589,50.988,221.074,1.136,343,49,66,0,464,57,22,35,307.000
169,SEPTIEMBRE,1,1,CENTRO ,26.370,8.110,6.130,40.610,551.090,0,2.250,17.120,77.070,647.530,977,1.612,107,31,0,822,84,1.141,7.689,906.430
170,SEPTIEMBRE,1,6,TETUÁN,49.200,25.400,52.440,127.040,317.040,0,180,9.000,22.080,348.300,584,322,112,66,21,430,60,709,4.094,514.700
171,SEPTIEMBRE,1,7,CHAMBERÍ,53.728,7.200,10.752,71.680,290.540,0,260,17.580,5.040,313.420,482,263,57,84,0,404,60,324,1.303,408.770
172,SEPTIEMBRE,2,2,ARGANZUELA,38.280,13.200,15.160,66.640,171.140,13.140,0,4.480,75.580,264.340,819,180,12,38,0,203,22,472,3.519,423.780
173,SEPTIEMBRE,2,3,RETIRO,37.764,18.882,6.294,62.940,168.080,3.400,840,32.340,18.080,222.740,505,347,6,36,0,236,22,158,2.036,381.360
174,SEPTIEMBRE,2,4,SALAMANCA,19.495,19.450,855,39.800,66.580,45.320,10.060,4.820,308.020,434.800,754,491,0,53,0,303,51,273,747,411.940
175,SEPTIEMBRE,2,5,CHAMARTÍN,12.010,16.510,10.920,39.440,67.020,0,0,11.340,310.180,388.540,850,480,1,113,0,414,20,326,1.913,451.900
176,SEPTIEMBRE,3,8,FUENCARRAL,18.220,35.560,121.500,175.280,130.220,420,340,26.900,75.460,233.340,1.450,141,85,64,0,560,60,153,3.227,484.820
177,SEPTIEMBRE,3,9,MONCLOA,30.980,22.560,37.480,91.020,145.560,340,0,17.880,31.400,195.180,1.132,171,84,48,0,553,60,220,2.630,301.640
178,SEPTIEMBRE,3,10,LATINA,66.100,38.760,136.320,241.180,127.880,400,540,11.690,13.620,154.130,1.186,146,29,53,0,428,60,547,7.082,443.100
179,SEPTIEMBRE,4,15,CIUDAD LINEAL,40.190,24.648,49.997,114.835,88.742,0,144,23.842,148.898,261.626,1.095,502,20,88,0,502,0,724,4.961,635.690
180,SEPTIEMBRE,4,16,HORTALEZA,58.611,35.945,72.912,167.468,129.416,0,210,34.769,217.144,381.539,1.673,176,120,132,0,504,120,145,1.326,598.270
181,SEPTIEMBRE,4,20,SAN BLAS,43.540,26.702,54.163,124.405,96.138,0,156,25.828,161.307,283.429,1.203,358,30,110,0,441,60,110,705,588.050
182,SEPTIEMBRE,4,21,BARAJAS,25.119,15.405,31.248,71.772,55.464,0,90,14.901,93.062,163.517,570,113,13,44,0,189,0,14,62,450.380
183,SEPTIEMBRE,5,13,PUENTE DE VALLECAS ,45.622,12.629,157.167,215.418,159.730,0,500,23.251,92.232,275.713,1.327,256,46,67,0,641,20,471,5.246,664.830
184,SEPTIEMBRE,5,18,VILLA DE VALLECAS ,33.481,5.413,38.429,77.323,68.456,0,220,9.965,39.528,118.169,450,77,21,20,0,187,10,113,817,371.440
185,SEPTIEMBRE,5,14,MORATALAZ,44.282,14.433,112.477,171.192,182.548,0,560,26.572,105.408,315.088,659,75,95,43,0,299,20,232,2.719,283.860
186,SEPTIEMBRE,5,19,VICÁLVARO,10.820,3.608,37.119,51.547,45.637,0,140,6.643,26.352,78.772,552,134,34,32,0,269,10,124,1.825,321.390
187,SEPTIEMBRE,6,11,CARABANCHEL,4.336,10.072,216.008,230.416,167.728,0,40,30.888,105.008,303.664,1.281,254,39,82,0,530,51,484,7.018,605.850
188,SEPTIEMBRE,6,12,USERA,2.710,6.295,135.005,144.010,104.830,0,25,19.328,65.630,189.813,891,249,37,52,0,344,54,87,933,382.270
189,SEPTIEMBRE,6,17,VILLAVERDE,3.794,8.813,189.007,201.614,146.762,0,35,27.034,91.882,265.713,931,279,50,66,0,451,57,326,3.517,419.650
190,OCTUBRE,1,1,CENTRO ,47.300,21.140,4.330,72.770,666.400,9.980,1.830,16.620,10.840,705.670,996,1.612,102,32,0,798,81,1.168,7.995,906.400
191,OCTUBRE,1,6,TETUÁN,29.510,21.080,33.730,84.320,382.740,12.320,180,6.880,0,402.120,600,331,109,71,20,452,62,145,1.313,514.700
192,OCTUBRE,1,7,CHAMBERÍ,47.049,5.600,9.291,61.940,308.980,0,420,8.280,5.420,323.100,515,269,47,90,1,411,58,392,1.234,408.780
193,OCTUBRE,2,2,ARGANZUELA,22.520,10.920,18.820,52.260,216.060,12.520,0,5.960,44.760,279.300,868,268,20,42,0,297,35,261,3.279,423.790
194,OCTUBRE,2,3,RETIRO,34.548,17.274,5.758,57.580,193.980,5.340,1.260,26.680,14.080,241.340,550,352,32,30,0,248,20,273,2.269,381.370
195,OCTUBRE,2,4,SALAMANCA,12.080,23.812,248,36.140,57.360,2.760,820,3.320,374.740,439.000,750,509,11,46,0,322,46,188,1.588,411.940
196,OCTUBRE,2,5,CHAMARTÍN,21.080,18.920,11.740,51.740,167.280,7.400,0,15.640,256.520,446.840,857,424,2,47,0,473,23,91,893,451.890
197,OCTUBRE,3,8,FUENCARRAL,41.600,59.880,64.920,166.400,169.780,8.429,280,26.400,83.044,287.933,1.524,146,84,63,0,547,62,581,9.338,452.820
198,OCTUBRE,3,9,MONCLOA,26.640,26.180,12.940,65.760,144.600,23.720,0,12.440,30.460,211.220,1.186,178,81,44,0,546,62,308,3.749,285.640
199,OCTUBRE,3,10,LATINA,106.100,47.140,90.920,244.160,134.240,10.720,1.100,13.140,14.020,173.220,1.249,151,30,51,0,429,62,416,8.125,459.100
200,OCTUBRE,4,15,CIUDAD LINEAL,35.783,27.931,34.886,98.600,121.948,0,86,22.824,146.095,290.953,1.117,516,20,80,0,534,0,270,2.618,651.690
201,OCTUBRE,4,16,HORTALEZA,52.184,40.733,50.876,143.793,177.841,0,126,33.285,213.055,424.307,1.709,182,116,120,0,504,123,393,3.871,614.270
202,OCTUBRE,4,20,SAN BLAS,38.765,30.259,37.794,106.818,132.110,0,94,24.726,158.270,315.200,1.227,371,31,101,0,476,62,493,5.087,572.050
203,OCTUBRE,4,21,BARAJAS,22.364,17.457,21.804,61.625,76.217,0,54,14.265,91.309,181.845,585,112,15,39,0,179,0,112,1.426,450.380
204,OCTUBRE,5,13,PUENTE DE VALLECAS ,33.052,12.950,169.001,215.003,117.935,7.648,406,21.221,185.970,333.180,1.421,249,48,86,0,649,23,411,5.852,648.830
205,OCTUBRE,5,18,VILLA DE VALLECAS ,17.022,5.550,56.715,79.287,44.115,6.692,174,9.095,71.130,131.206,472,92,21,22,0,200,8,330,4.126,371.440
206,OCTUBRE,5,14,MORATALAZ,28.059,9.800,133.573,171.432,102.640,2.868,464,24.525,169.680,300.177,641,75,94,51,0,273,23,160,1.948,315.860
207,OCTUBRE,5,19,VICÁLVARO,10.015,3.700,49.143,62.858,29.410,1.912,116,6.063,47.420,84.921,532,130,32,40,0,267,8,140,1.759,321.390
208,OCTUBRE,6,11,CARABANCHEL,13.098,11.150,251.121,275.369,201.800,960,96,19.945,67.852,290.653,1.451,324,30,84,0,540,57,752,16.016,621.850
209,OCTUBRE,6,12,USERA,8.224,7.001,157.680,172.905,126.125,600,60,31.912,42.407,201.104,1.003,259,38,52,0,364,64,445,3.573,398.270
210,OCTUBRE,6,17,VILLAVERDE,9.138,7.779,175.201,192.118,176.575,840,84,27.923,59.371,264.793,1.130,318,60,60,0,450,56,116,2.323,419.650
211,NOVIEMBRE,1,1,CENTRO ,37.752,16.843,3.485,58.080,612.100,19.580,2.300,14.320,11.020,659.320,929,1.557,97,70,0,766,78,1.377,10.920,895.600
212,NOVIEMBRE,1,6,TETUÁN,23.560,23.200,31.200,77.960,404.320,42.640,160,3.840,2.140,453.100,584,320,31,167,20,419,60,874,6.710,511.300
213,NOVIEMBRE,1,7,CHAMBERÍ,47.209,5.411,8.440,61.060,234.280,37.820,400,7.980,1.940,282.420,487,262,37,184,0,399,60,382,1.844,402.980
214,NOVIEMBRE,2,2,ARGANZUELA,14.121,10.400,29.780,54.301,247.300,40.920,0,2.320,66.100,356.640,805,294,20,83,0,308,44,506,4.541,413.090
215,NOVIEMBRE,2,3,RETIRO,34.620,17.310,5.770,57.700,205.110,18.740,580,26.740,17.700,268.870,514,360,23,55,0,236,18,125,1.022,361.170
216,NOVIEMBRE,2,4,SALAMANCA,15.232,17.505,5.303,38.040,34.240,8.860,0,0,348.820,391.920,706,495,3,86,0,318,48,306,1.143,405.700
217,NOVIEMBRE,2,5,CHAMARTÍN,11.500,10.000,4.500,26.000,108.160,22.500,0,6.980,415.180,552.820,726,422,3,66,0,488,21,301,2.567,451.970
218,NOVIEMBRE,3,8,FUENCARRAL,28.020,45.460,75.220,148.700,207.840,82.759,0,20.920,37.740,349.259,1.374,167,80,108,0,535,60,279,3.894,432.680
219,NOVIEMBRE,3,9,MONCLOA,31.600,18.480,20.400,70.480,198.900,86.000,0,12.400,10.860,308.160,1.018,223,75,123,0,530,60,222,2.155,245.690
220,NOVIEMBRE,3,10,LATINA,70.980,52.660,84.840,208.480,178.460,67.100,1.080,11.380,2.820,260.840,1.150,140,29,126,0,413,60,552,6.645,461.000
221,NOVIEMBRE,4,15,CIUDAD LINEAL,30.538,22.330,30.854,83.722,111.835,0,101,14.698,168.014,294.648,1.075,495,20,76,0,527,0,784,5.163,631.600
222,NOVIEMBRE,4,16,HORTALEZA,44.534,32.564,44.996,122.094,163.093,0,147,21.434,245.021,429.695,1.602,170,113,116,0,499,115,125,1.486,616.580
223,NOVIEMBRE,4,20,SAN BLAS,33.082,24.190,33.426,90.698,121.155,0,109,15.922,182.016,319.202,1.238,358,31,95,0,473,62,45,199,562.380
224,NOVIEMBRE,4,21,BARAJAS,19.086,13.956,19.284,52.326,69.897,0,63,9.186,105.009,184.155,568,109,14,37,0,181,0,14,216,442.150
225,NOVIEMBRE,5,13,PUENTE DE VALLECAS ,39.763,11.856,152.746,204.365,121.828,79.330,903,21.392,160.853,384.306,1.353,218,56,63,0,682,34,572,5.688,651.200
226,NOVIEMBRE,5,18,VILLA DE VALLECAS ,23.470,5.081,39.034,67.585,52.212,69.414,387,9.168,68.937,200.118,402,84,8,16,0,209,8,130,950,375.740
227,NOVIEMBRE,5,14,MORATALAZ,27.587,13.549,117.424,158.560,139.232,29.749,1.032,24.448,183.832,378.293,515,66,79,42,0,267,13,164,1.226,317.280
228,NOVIEMBRE,5,19,VICÁLVARO,10.647,3.387,39.356,53.390,34.808,19.833,258,6.112,45.958,106.969,426,118,22,32,0,271,6,177,1.437,341.480
229,NOVIEMBRE,6,11,CARABANCHEL,13.098,11.150,251.121,275.369,201.800,960,96,19.945,67.852,290.653,1.451,324,30,84,0,540,57,949,10.360,631.490
230,NOVIEMBRE,6,12,USERA,8.224,7.001,157.680,172.905,126.125,600,60,31.912,42.407,201.104,1.003,259,38,52,0,364,64,121,996,371.500
231,NOVIEMBRE,6,17,VILLAVERDE,9.138,7.779,175.201,192.118,176.575,840,84,27.923,59.371,264.793,1.130,318,60,60,0,450,56,348,4.005,422.360
232,DICIEMBRE,1,1,CENTRO ,38.260,17.200,3.540,59.000,687.120,30.960,1.160,17.540,32.780,769.560,993,1.895,88,100,0,798,81,1.251,7.931,875.000
233,DICIEMBRE,1,6,TETUÁN,19.500,14.500,34.300,68.300,466.140,68.160,220,5.880,6.200,546.600,602,318,105,213,18,448,60,150,1.184,516.900
234,DICIEMBRE,1,7,CHAMBERÍ,44.030,4.500,7.250,55.780,295.900,110.240,260,3.762,6.220,416.382,507,270,20,215,0,329,63,348,1.680,406.150
235,DICIEMBRE,2,2,ARGANZUELA,9.680,7.000,27.860,44.540,241.120,84.970,0,4.920,140.760,471.770,793,283,11,124,0,286,33,299,2.831,419.200
236,DICIEMBRE,2,3,RETIRO,23.640,11.820,3.940,39.400,230.940,76.709,600,16.700,124.920,449.869,523,352,8,89,0,237,19,321,2.931,358.150
237,DICIEMBRE,2,4,SALAMANCA,20.878,2.860,5.682,29.420,7.580,58.500,6.400,0,425.330,497.810,678,481,0,189,0,317,30,304,1.419,415.100
238,DICIEMBRE,2,5,CHAMARTÍN,13.780,9.720,3.980,27.480,127.420,131.690,0,0,507.580,766.690,633,378,0,90,1,464,21,151,1.404,456.070
239,DICIEMBRE,3,8,FUENCARRAL,54.320,28.580,60.200,143.100,267.520,158.620,320,32.700,9.160,468.320,1.477,168,68,138,0,551,62,570,11.359,429.700
240,DICIEMBRE,3,9,MONCLOA,12.880,12.760,55.180,80.820,168.140,169.019,0,15.400,0,352.559,1.112,234,68,188,0,553,62,378,3.579,243.240
241,DICIEMBRE,3,10,LATINA,108.600,29.380,53.740,191.720,200.960,136.560,520,9.820,4.400,352.260,1.234,147,56,194,0,428,62,693,8.006,445.800
242,DICIEMBRE,4,15,CIUDAD LINEAL,30.500,17.320,43.250,91.070,96.797,80.741,70,11.822,232.771,422.201,1.129,514,50,176,0,548,0,119,825,628.400
243,DICIEMBRE,4,16,HORTALEZA,42.230,30.680,46.500,119.410,141.162,117.747,110,17.241,339.458,615.718,1.737,182,111,216,0,513,134,469,3.578,621.650
244,DICIEMBRE,4,20,SAN BLAS,31.000,21.610,40.420,93.030,104.863,87.469,90,12.808,252.169,457.399,1.214,365,50,167,0,482,65,473,3.559,555.180
245,DICIEMBRE,4,21,BARAJAS,17.510,10.950,29.230,57.690,60.498,50.463,50,7.389,145.482,263.882,584,110,24,112,0,187,0,119,828,430.650
246,DICIEMBRE,5,13,PUENTE DE VALLECAS ,31.991,4.304,155.841,192.136,151.858,140.988,938,26.704,191.549,512.037,1.410,255,48,119,0,648,36,433,4.340,670.100
247,DICIEMBRE,5,18,VILLA DE VALLECAS ,22.925,2.916,37.575,63.415,65.082,123.364,402,11.445,82.092,282.385,469,93,20,28,0,209,8,288,2.028,395.510
248,DICIEMBRE,5,14,MORATALAZ,28.633,7.776,113.532,149.941,173.552,52.870,1.072,30.519,218.913,476.927,638,76,93,57,0,272,12,191,1.760,322.300
249,DICIEMBRE,5,19,VICÁLVARO,8.783,1.944,39.883,50.610,43.388,35.247,268,7.630,54.728,141.261,530,130,35,45,0,286,6,109,516,360.400
250,DICIEMBRE,6,11,CARABANCHEL,9.970,8.650,208.528,227.148,252.525,117.154,79,31.517,81.990,483.265,1.315,344,33,82,0,516,48,678,8.878,635.600
251,DICIEMBRE,6,12,USERA,5.892,5.112,123.221,134.225,149.219,69.228,47,18.624,48.448,285.566,989,273,31,48,0,357,54,385,3.017,378.900
252,DICIEMBRE,6,17,VILLAVERDE,6.798,5.898,142.179,154.875,172.176,79.878,54,21.489,55.902,329.499,1.189,319,32,55,0,432,39,164,970,419.060
